Bogumił Pawlak,0,0,1,0,0,1,0,0,0,1,0,1,0,0,0,1,0,1,1,0,0,1,0,0,0,0,0,0,1,1
Kazimierz Krupa,0,0,0,0,1,1,0,1,0,1,0,0,0,1,0,0,1,0,0,0,0,1,0,1,0,1,0,1,0,0
Jarosław Krajewski,1,0,0,0,0,1,1,0,0,1,0,0,0,0,0,1,1,0,0,1,1,0,0,0,0,1,0,0,0,1
Allan Wróblewski,0,0,0,0,1,1,0,0,0,1,0,1,0,1,0,1,0,0,0,1,0,0,0,1,1,0,0,0,0,1
Bartłomiej Kucharski,0,0,0,0,1,1,0,1,0,0,1,0,0,0,0,1,1,0,0,0,0,0,1,1,0,0,1,0,1,0
Bogumił Kowalczyk,0,1,0,0,0,1,0,0,0,1,1,0,1,0,0,1,0,0,0,0,1,0,1,0,0,1,0,0,1,0
Damian Sobczak,0,0,1,0,1,0,0,1,0,0,1,0,0,0,0,1,1,0,1,0,0,1,0,0,0,1,1,0,0,0
Maurycy Baranowski,0,1,0,1,0,0,0,0,1,0,1,0,0,0,1,1,0,0,1,0,1,0,0,0,0,0,0,1,1,0
Krzysztof Urbański,0,1,0,0,1,0,0,1,0,1,0,0,0,1,0,0,0,1,0,0,0,1,0,1,0,1,0,0,1,0
Janusz Mazur,1,0,0,1,0,0,0,1,0,0,1,0,0,0,0,0,1,1,0,0,0,1,1,0,0,1,1,0,0,0
Marian Zieliński,1,1,0,0,0,0,0,0,1,0,0,1,0,0,0,1,0,1,0,0,1,0,1,0,0,1,0,0,0,1
Norbert Zakrzewski,0,0,1,1,0,0,1,0,0,0,0,1,1,0,0,0,0,1,0,1,1,0,0,0,0,1,0,0,0,1
Gabriel Szulc,1,1,0,0,0,0,0,0,1,0,0,1,1,0,0,1,0,0,0,1,0,0,0,1,1,0,1,0,0,0
Konrad Urbański,1,0,1,0,0,0,1,1,0,0,0,0,0,1,0,0,0,1,0,0,0,1,1,0,1,0,0,0,0,1
Paweł Piotrowski,1,0,0,1,0,0,0,0,1,0,1,0,1,0,0,0,1,0,1,1,0,0,0,0,0,1,0,0,0,1
Krzysztof Mazur,0,0,1,0,0,1,1,0,1,0,0,0,0,0,1,0,1,0,0,0,0,1,1,0,1,0,1,0,0,0
Igor Szczepański,0,1,0,1,0,0,0,1,0,1,0,0,0,0,1,0,0,1,0,1,0,1,0,0,1,0,1,0,0,0
Remigiusz Górecki,1,0,0,0,0,1,0,0,1,0,0,1,1,1,0,0,0,0,1,0,0,0,0,1,1,0,0,1,0,0
Radosław Baran,0,1,0,1,0,0,1,0,1,0,0,0,0,0,0,0,1,1,0,1,0,0,1,0,0,0,1,0,0,1
Eugeniusz Lis,0,1,0,1,0,0,0,0,1,0,0,1,0,1,1,0,0,0,0,1,0,0,1,0,0,0,1,1,0,0
Leonardo Krawczyk,0,0,0,0,1,1,0,0,0,0,1,1,1,1,0,0,0,0,0,0,1,0,0,1,0,0,0,1,0,1
Jerzy Gajewski,0,0,1,1,0,0,0,0,1,0,1,0,0,0,0,0,1,1,0,0,0,1,0,1,0,0,0,1,1,0
Amir Jasiński,0,1,1,0,0,0,1,0,0,0,1,0,0,0,0,0,1,1,0,1,0,0,1,0,1,0,0,0,0,1
Janusz Wasilewski,0,0,1,1,0,0,0,0,0,1,0,1,1,0,0,0,0,1,0,0,0,1,1,0,0,1,0,0,1,0
Dorian Przybylski,0,1,1,0,0,0,1,0,0,0,1,0,1,1,0,0,0,0,0,0,0,1,0,1,1,0,1,0,0,0
Henryk Woźniak,0,1,0,0,1,0,1,0,0,0,1,0,1,0,0,0,1,0,0,0,0,0,1,1,0,0,1,0,1,0
Artur Sadowski,0,1,0,0,0,1,1,0,0,0,1,0,0,0,0,0,1,1,0,1,0,0,1,0,0,1,0,0,0,1
Aureliusz Krajewski,0,1,0,1,0,0,0,0,1,1,0,0,0,0,0,1,1,0,0,0,0,0,1,1,0,0,0,0,1,1
Dawid Baran,0,0,0,1,0,1,1,0,1,0,0,0,0,1,0,1,0,0,0,0,1,0,0,1,0,0,0,0,1,1
Bartosz Krajewski,0,0,1,0,0,1,1,0,1,0,0,0,0,0,1,1,0,0,0,0,1,0,1,0,0,1,0,0,1,0