Marek Mazurek,0,0,1,0,0,1,0,0,0,1,0,1,0,0,0,1,0,1,1,0,0,1,0,0,0,0,0,0,1,1
Dawid Zieliński,0,0,0,0,1,1,0,1,0,1,0,0,0,1,0,0,1,0,0,0,0,1,0,1,0,1,0,1,0,0
Anatol Górecki,1,0,0,0,0,1,1,0,0,1,0,0,0,0,0,1,1,0,0,1,1,0,0,0,0,1,0,0,0,1
Oskar Mazur,0,0,0,0,1,1,0,0,0,1,0,1,0,1,0,1,0,0,0,1,0,0,0,1,1,0,0,0,0,1
Diego Mróz,0,0,0,0,1,1,0,1,0,0,1,0,0,0,0,1,1,0,0,0,0,0,1,1,0,0,1,0,1,0
Gustaw Mazurek,0,1,0,0,0,1,0,0,0,1,1,0,1,0,0,1,0,0,0,0,1,0,1,0,0,1,0,0,1,0
Oskar Pawlak,0,0,1,0,1,0,0,1,0,0,1,0,0,0,0,1,1,0,1,0,0,1,0,0,0,1,1,0,0,0
Ryszard Szymański,0,1,0,1,0,0,0,0,1,0,1,0,0,0,1,1,0,0,1,0,1,0,0,0,0,0,0,1,1,0
Jędrzej Kołodziej,0,1,0,0,1,0,0,1,0,1,0,0,0,1,0,0,0,1,0,0,0,1,0,1,0,1,0,0,1,0
Czesław Sawicki,1,0,0,1,0,0,0,1,0,0,1,0,0,0,0,0,1,1,0,0,0,1,1,0,0,1,1,0,0,0
Filip Baran,1,1,0,0,0,0,0,0,1,0,0,1,0,0,0,1,0,1,0,0,1,0,1,0,0,1,0,0,0,1
Bronisław Adamski,0,0,1,1,0,0,1,0,0,0,0,1,1,0,0,0,0,1,0,1,1,0,0,0,0,1,0,0,0,1
Igor Krajewski,1,1,0,0,0,0,0,0,1,0,0,1,1,0,0,1,0,0,0,1,0,0,0,1,1,0,1,0,0,0
Mieszko Makowski,1,0,1,0,0,0,1,1,0,0,0,0,0,1,0,0,0,1,0,0,0,1,1,0,1,0,0,0,0,1
Ireneusz Cieślak,1,0,0,1,0,0,0,0,1,0,1,0,1,0,0,0,1,0,1,1,0,0,0,0,0,1,0,0,0,1
Alojzy Przybylski,0,0,1,0,0,1,1,0,1,0,0,0,0,0,1,0,1,0,0,0,0,1,1,0,1,0,1,0,0,0
Adam Sikorski,0,1,0,1,0,0,0,1,0,1,0,0,0,0,1,0,0,1,0,1,0,1,0,0,1,0,1,0,0,0
Edward Kowalski,1,0,0,0,0,1,0,0,1,0,0,1,1,1,0,0,0,0,1,0,0,0,0,1,1,0,0,1,0,0
Marian Duda,0,1,0,1,0,0,1,0,1,0,0,0,0,0,0,0,1,1,0,1,0,0,1,0,0,0,1,0,0,1
Gabriel Wiśniewski,0,1,0,1,0,0,0,0,1,0,0,1,0,1,1,0,0,0,0,1,0,0,1,0,0,0,1,1,0,0
Florian Cieślak,0,0,0,0,1,1,0,0,0,0,1,1,1,1,0,0,0,0,0,0,1,0,0,1,0,0,0,1,0,1
Joachim Cieślak,0,0,1,1,0,0,0,0,1,0,1,0,0,0,0,0,1,1,0,0,0,1,0,1,0,0,0,1,1,0
Marcin Szulc,0,1,1,0,0,0,1,0,0,0,1,0,0,0,0,0,1,1,0,1,0,0,1,0,1,0,0,0,0,1
Fabian Pietrzak,0,0,1,1,0,0,0,0,0,1,0,1,1,0,0,0,0,1,0,0,0,1,1,0,0,1,0,0,1,0
Albert Brzeziński,0,1,1,0,0,0,1,0,0,0,1,0,1,1,0,0,0,0,0,0,0,1,0,1,1,0,1,0,0,0
Maciej Jankowski,0,1,0,0,1,0,1,0,0,0,1,0,1,0,0,0,1,0,0,0,0,0,1,1,0,0,1,0,1,0
Dawid Kowalski,0,1,0,0,0,1,1,0,0,0,1,0,0,0,0,0,1,1,0,1,0,0,1,0,0,1,0,0,0,1
Emanuel Pawlak,0,1,0,1,0,0,0,0,1,1,0,0,0,0,0,1,1,0,0,0,0,0,1,1,0,0,0,0,1,1
Jakub Szymański,0,0,0,1,0,1,1,0,1,0,0,0,0,1,0,1,0,0,0,0,1,0,0,1,0,0,0,0,1,1
Bruno Duda,0,0,1,0,0,1,1,0,1,0,0,0,0,0,1,1,0,0,0,0,1,0,1,0,0,1,0,0,1,0